[{"id":1,"nombre": "GULP!", "imagen": "los-redondos-1985-gulp!.jpg"},
{"id":2,"nombre": "OKTUBRE", "imagen": "los-redondos-1986-oktubre.jpg"},
{"id":3,"nombre": "UN BAIÓN PARA EL OJO IDIOTA", "imagen": "los-redondos-1988-un-baión-para-el-ojo-idiota.jpg"},
{"id":4,"nombre": "¡BANG! ¡BANG! ESTÁS LIQUIDAD", "imagen": "los-redondos-1989-¡bang!-¡bang!-estás-liquidado.jpg"},
{"id":5,"nombre": "LA MOSCA Y LA SOPA", "imagen": "los-redondos-1991-la-mosca-y-la-sopa.jpg"},
{"id":6,"nombre": "LOBO SUELTO CORDERO ATADO 1", "imagen": "los-redondos-1993-lobo-suelto-cordero-atado-1.jpg"},
{"id":7,"nombre": "LOBO SUELTO CORDERO ATADO 2", "imagen": "los-redondos-1993-lobo-suelto-cordero-atado-2.jpg"},
{"id":8,"nombre": "LUZBELITO", "imagen": "los-redondos-1996-luzbelito.jpg"},
{"id":9,"nombre": "ÚLTIMO BONDI A FINISTERRE", "imagen": "los-redondos-1998-último-bondi-a-finisterre.jpg"},
{"id":10,"nombre": "MOMO SAMPLER", "imagen": "los-redondos-2000-momo-sampler.jpg"}]